latency,error_rate,volume,failure
89.06694094477368,0.005597927543981029,11568.870118803115,0
107.78087832159625,0.012322470815567874,10802.902365688937,0
96.1838969447847,0.11058714374246233,9115.001765612302,0
102.95871096293372,0.028226290924386,10669.812752649921,0
103.36442236621338,0.010266342658510943,10874.377237689958,0
80.53213346832035,0.03636186717611468,9875.994570568888,0
105.01375584947678,0.05128324331889556,10038.454849547594,0
90.33815815162939,0.03125118086517069,9784.851366637693,0
87.55829821278678,0.025019139788934157,9681.445286663244,0
111.16129184929028,0.05520204208868801,10092.252892337634,0
83.8717511072881,0.04748334864804769,9120.977287538552,0
84.11149934506413,0.13528691483753133,11217.553066184219,0
91.58616596866811,0.023001793873615423,10215.614035841894,0
114.06006776678183,0.03740020886071892,9466.549070442554,0
109.24430290900851,0.09501684208984319,10241.64391682894,0
98.33379407036925,0.1253148468045058,10405.032185880573,0
118.07029099630414,0.016736539727607753,9809.347256473398,0
92.40023248300672,0.024598666106256283,10352.650061998866,0
82.04691674163794,0.1955424266559574,10694.328053400048,0
106.6967285811079,0.04130946801451196,9861.670793277375,0
102.16506703596659,0.029430135120044408,11325.599413343449,0
103.4549039854784,0.05478700052420455,10615.685660456118,0
89.04642478324898,0.12579587882934737,9326.071040319195,0
105.64096665663958,0.08538808149830178,10468.474954717854,0
103.07103479861382,0.07541724815958854,9834.202854909194,0
87.48640366016804,0.07325108889703748,10669.802859901674,0
105.36896214261402,0.014580925903775481,9860.093213156826,0
102.78787733028754,0.012260950099639,8294.460639736257,0
114.24432957000799,0.005922289264268948,9529.800766864522,0
96.04632498365227,0.05884020004967739,12022.297401021558,0
102.55447669990434,0.007301756855085621,11294.242945302718,0
109.2998813831752,0.007229755207192962,11075.428034081357,0
87.70123498042797,0.0069687142614544475,9767.894722373594,0
94.75002846579507,0.014629503958375357,11086.54932597384,0
90.14899745194,0.023981694755467277,10809.565148606838,0
94.46257162945119,0.0260189868173769,9149.394743883206,0
113.46815815224792,0.06077177967623389,9532.576872516336,0
107.00648218840752,0.03230951326931116,9514.364081142261,0
104.10760192109129,0.06409314478157535,10310.118759932879,0
103.25704787142989,0.015198417696077673,8991.365591032605,0
105.54819051557467,0.025747211749063872,9177.174170904353,0
114.19830028243736,0.004725103426334592,10293.112919870862,0
106.40893557797023,0.008799861754606567,8967.874158775583,0
114.8582633220432,0.0020112522425304665,9729.30344043571,0
102.69439725200728,0.009587507150662781,9223.663452105302,0
100.45250274779856,0.054095514234780276,10242.849623809714,0
103.55073937986229,0.02474410624700521,9403.031552258113,0
97.3245795322907,0.018881971015231216,10326.613759218946,0
105.26701887665928,0.06276353143370167,11469.854799393186,0
74.58433873406027,0.13421089146349144,10126.51135145381,0
95.73512710571961,0.018599609095366093,11436.248988027683,0
94.32473968555067,0.03810287052137123,9314.773613318677,0
90.33054025609373,0.044411102732844425,10357.14159449604,0
106.67561658243918,0.03852257773375244,9698.355389297216,0
110.1861390219694,0.010947647172977786,10053.171689380755,0
111.1894963277061,0.025309366496077377,10552.02724954037,0
91.73791260431733,0.002551662772043847,10835.18806265184,0
104.8456409941539,0.005885749794414189,8587.570544542348,0
83.83060630234891,0.006652495560148416,10086.868169392566,0
95.80157330455623,0.09356420917919726,9621.065265143488,0
97.9938097633774,0.09947622876045152,10113.19819775884,0
98.29680258046025,0.11734096815082413,10184.387169634001,0
97.53886084849701,0.01539953338954644,10878.091290791725,0
108.5318955185012,0.02582845514705099,10756.49326237908,0
81.65210962505446,0.020767453416603573,10287.544227820976,0
101.70588870091386,0.007973415982829303,9865.255092563535,0
93.09842685739028,0.02824358523167976,10820.476001302643,0
97.83242881509277,0.07714632917849504,9926.247009118402,0
114.1637203222797,0.06078829901610469,9616.320707823319,0
112.45504661223156,0.005085589096786921,8832.433174603171,0
101.75436412906909,0.07322747804386717,9859.918818153928,0
123.6361405165524,0.026373150871596685,8594.267504269745,0
100.78517638789144,0.015759022204856313,10393.811462651904,0
103.88090267963808,0.025240889054032812,9786.299281499167,0
110.66197370566624,0.015131915466242674,10538.00020993594,0
95.07944686929848,0.008948002076384317,8388.836320552691,0
96.47397846775782,0.012631277168029234,10582.672963371086,0
108.71072981776022,0.15281459529863967,9903.435682922642,0
84.86822022838226,0.03005445989882596,9919.946496820172,0
94.06878752287744,0.01496365504614981,9770.63962047039,0
80.55886241716085,0.030678639078374738,9791.421900537516,0
122.20863321605964,0.0011014237712347775,10649.642298725348,0
95.24180808148452,0.032246786917476886,10109.686830842735,0
105.88229496020276,0.04048337975576119,10753.6260147904,0
86.65391898984562,0.00018469294285718523,10657.027912778261,0
120.08689089797119,0.0697424087010289,9936.421314992402,0
86.8808765070888,0.0038694480712568803,9828.800470809296,0
96.00254032162674,0.05172091591117814,9401.736011172381,0
123.58981980912446,0.014792883415204069,9573.910961982396,0
107.19528922229675,0.037471686284654006,10056.822090894764,0
96.51834298398565,0.0169967244007945,9893.412803755777,0
113.0730970842375,0.001132480399004916,10570.51809156263,0
101.74300512672177,0.03075690333703733,9997.659874813677,0
100.44720122902099,0.06128838026154158,10585.452061026452,0
94.12019904731193,0.004132298129460468,9933.001993421225,0
90.52948023730215,0.020164894910311197,9688.27491413006,0
91.3924597560111,0.057557479214528896,11152.818133408073,0
92.14391413376707,0.009979996349458443,10071.32420075842,0
93.5219995304002,0.13526535121857172,9387.027354047344,0
101.84481182907065,0.05882511680861751,10142.743723500229,0
101.14874610863404,0.03487466337314584,10152.547155749357,0
98.78523440277033,0.010072659375828656,11804.16865753724,0
100.43236074267118,0.041697024609253744,10058.763922435837,0
97.24712956391643,0.046102240200948136,9168.398813859254,0
107.77914813719335,0.08989845409895383,11451.924960831511,0
104.11299111470284,0.012212691737790712,10672.092905132358,0
115.88085346266718,0.036401088034454014,9566.029374444906,0
97.36425348736452,0.0246854904403096,9600.66639760607,0
123.20001775844071,0.10875749362409244,11352.971126740296,0
103.20756448235068,0.02858464895659385,9912.934869340304,0
103.10740558160371,0.02879147463557073,10914.357518915189,0
109.70344034784223,0.00775505147156711,11330.614367354194,0
95.25254985563252,0.03456556989167044,9341.153745939384,0
104.86461849320254,0.025918811224959298,10056.606908960495,0
107.1066106869601,0.03558113535135355,9080.246750091628,0
103.45050882404873,0.03551698015114476,9369.47025925582,0
104.2410062649935,7.294910094039353e-05,9910.392636051003,0
86.67332344054878,0.03557220437591799,12464.605524724444,0
118.04479249143705,0.07926779596605585,8958.392951782129,0
98.54339490529003,0.09330606656061824,11345.829057606716,0
74.928779375564,0.009571368534488908,10051.7357128518,0
117.98343828327694,0.018557833629469018,8899.769770752355,0
106.30248678147004,0.01902264591070394,9430.858790014143,0
104.11173373049765,0.01161159316468431,9763.636509388241,0
98.74152993517251,0.003372287659378611,9465.1399382235,0
96.39769370899569,0.000862381192036845,9858.659545147048,0
106.16708385580917,0.01700878717496284,8964.277485217575,0
124.10289071977321,0.013027043332904107,9921.364906570809,0
106.91498627090829,0.0061127145000414865,9033.699796706836,0
109.9645146077271,0.025831405747463943,10614.782151962952,0
101.46771632724291,0.047355521910370374,8821.85306184838,0
87.90577983593572,0.01654452101610526,10881.334248889581,0
98.46360331998163,0.005765349586469022,10587.037595811444,0
98.64694483285881,0.06365328938319474,9221.809820092449,0
106.04053342817124,0.0028746775959466123,10983.110127950526,0
104.42945504318773,0.008715932200443064,10705.823797603263,0
99.96208515465725,0.03729968667634018,9286.015460678462,0
85.5041841948507,0.11365669306552374,8947.561748362374,0
85.30813224294698,0.0277470211769259,9430.439072814494,0
90.4400247783129,0.02423026249512952,9316.209691466762,0
78.41918190130622,0.06468583676801011,9950.482793655106,0
87.46762904920648,0.10008045110843357,9322.893156749358,0
110.4195211001782,0.014810369171977972,10364.148239824828,0
95.93171431388008,0.03143073567729288,9072.829295931662,0
86.04527897393298,0.07186489267127022,11341.937252229964,0
84.51767022896065,0.00982162573304434,9024.965005049067,0
101.61947947521764,0.007395917958862119,9196.365699403932,0
101.88459862779882,0.028400614561865732,11021.400277764333,0
100.8177619548147,0.08057219167934014,9922.053267613122,0
103.79331821703366,0.043407507890596504,10927.260751497477,0
97.7218330891829,0.035676754901979954,8907.63619180665,0
100.2124037560528,0.08607476818719194,9513.597394621895,0
88.0353549804325,0.008272296675205416,10143.538243700346,0
95.50774398621245,0.03120510887963255,10466.216902043901,0
99.35458409499667,0.004848286002476956,10060.838341887113,0
83.37446203057448,0.02114257276338281,9794.52030455822,0
92.9070037161321,0.006835986603724599,9916.642798418812,0
96.25215723643063,0.16932835909555863,9616.438588043422,0
119.54275695882968,0.05055051177745991,9016.916106869912,0
104.22590732095554,0.04560071919918596,10176.516660892836,0
104.26736813182134,0.04135439097092198,10659.073818113886,0
110.55463765689792,0.02980299573755732,9972.39542468077,0
99.79390030636532,0.01497826619094717,9312.815795288447,0
119.53520829272941,0.07412434110127866,10803.69143218355,0
92.30311363421379,0.025593841017400046,11037.503639388493,0
88.26791123685098,0.0162739480613482,9954.667231519512,0
101.94838461382727,0.030615857886542787,10175.847962049616,0
95.1793875704362,0.1888512406055579,10344.292141511212,0
90.62156439054723,0.04051624799509241,9889.676200294667,0
100.18106934153896,0.05320144310066659,9215.623626955528,0
76.93600399838675,0.0044800686264007935,10993.060250099476,0
103.2935846066491,0.04858611347419272,9275.75663236364,0
93.38164175303636,0.1516011886328579,9729.588196840477,0
101.55563996276211,0.040776421604665325,10198.475871504406,0
91.11419917468706,0.07181801924816855,9606.44870694072,0
95.32733454599247,0.007314957324197224,9416.915895076107,0
109.421304069656,0.0006999027701103077,9776.064078188665,0
89.72014842620665,0.02198758470197481,9526.738535455877,0
111.43566344129532,0.0431203779140014,9786.400816229618,0
96.49185498892132,0.055790092458812654,9823.333953509973,0
123.4676261134805,0.04851902323115186,9562.191618361445,0
85.35378626470504,0.014455363251423306,10435.815138171616,0
111.91844003118837,0.013250404940904048,10700.334838037212,0
96.72928858067593,0.021436153544047494,9862.768222436665,0
115.30928882844435,0.022039633226759617,10436.88841738855,0
92.8029803519817,0.023243510307718346,9956.35091454125,0
86.33483357287795,0.0004890752393459051,9921.058998474537,0
98.81911364006392,0.09679984662887968,10290.902441837927,0
101.63046717874688,0.0218825649486244,10870.782494504405,0
96.15694943914302,0.028169624366535136,10493.699565135452,0
99.69629212336001,0.04836653613909264,9480.51939495968,0
96.9998004628916,0.03384303338109609,9269.366727053199,0
93.91717103852066,0.004787560991110102,11795.92272263285,0
84.31850455034055,0.02217268160506921,9969.890351536103,0
107.08454058300825,0.007623933846704175,9737.704729381696,0
106.2832385139334,0.009511342515352446,9847.575365352586,0
91.50981922816474,0.04839855531957845,9611.857677610695,0
111.46165962724888,0.04371806276145004,10552.415424180406,0
99.14350566929346,0.017949360274301784,9449.597083953626,0
103.80561507607055,0.015731416217670154,9710.525460908348,0
94.94550815075623,0.011618215031926634,9580.174824768079,0
109.26769868834806,0.015176669046364558,8958.592329717008,0
118.47901683769075,0.03607743371918009,9417.887354688106,0
106.09948466035652,0.009047550250849525,9200.1327074194,0
103.62187376960341,0.08444340373815949,7837.895369513955,0
87.47024515144861,0.01945421194473642,11469.334643696338,0
106.32374917721249,0.015321066881976946,9919.18709094191,0
92.64438562182247,0.14174331355706674,9730.06511923543,0
93.52100803433657,0.011011501503363625,10335.197739137917,0
100.79776800697233,0.03288184150221897,11273.13278009077,0
107.90909731246214,0.03016255596779947,10327.338453141343,0
98.18277215394663,0.04359842631523154,9217.526731505273,0
116.76117035170303,0.1347782286622391,11465.035197026156,0
108.98610148456214,0.011783544460300754,10091.977628781775,0
92.42327800691292,0.11393344319960662,9461.498763927124,0
101.09501805326057,0.13175887490224814,10058.052118579513,0
111.63364458309691,0.00018517982662884455,9337.520555358464,0
101.52538386478683,0.00929751907321383,10463.434243845062,0
100.59846200980355,0.019575504749052373,9218.667755838163,0
120.31258887458726,0.13012718901656856,10915.665969997406,0
132.47350969393514,0.0031378264110149883,8442.506424269453,0
116.35640674605874,0.06460453050032552,9880.241273428559,0
84.1595107743257,0.032266568683267216,9462.47955257788,0
101.16435622040197,0.015316963813559275,9346.35391318422,0
93.51538937159054,0.012834743116083815,8009.347411595414,0
86.95884146735003,0.03807244128205657,9541.846828051917,0
91.33800888202299,0.021708287946315668,9900.866755436531,0
86.99692393258216,0.013926858788092886,10874.691855221245,0
94.64499525135493,0.03559738880373103,11083.2539451431,0
100.2958954476227,0.02309344712886793,10538.658328831167,0
99.01070825831616,0.015665074308717296,10383.687414378848,0
100.81253622751127,0.03138198861261861,9212.911001791019,0
93.75754778268782,0.008229982561860362,9655.27220053636,0
91.59806615278704,0.03750296464441139,11407.50004484516,0
119.42101834691175,0.08621914001362023,10514.34223406634,0
102.83036819646355,0.031849053443880754,9980.481486281056,0
99.86088043098094,0.05746227835423141,10813.930708945787,0
108.34266019710066,0.0016434946314202597,10289.350706601599,0
111.06323278457982,0.048508265221477866,10013.834197166825,0
93.94328684009731,0.03287092318508881,9990.096006282645,0
90.84216896893804,0.03443771691041614,9343.4276281318,0
98.25729243694555,0.17625712634235954,10839.57147713122,0
93.48073628473766,0.054993947591763265,10391.931807644782,0
99.67878418462509,0.04023111443353003,11038.434931886597,0
112.23407120048104,0.008880685946747216,10213.204422161727,0
102.6825738139444,0.06805409044219132,10960.333444278087,0
99.75120968617396,0.05853297923973036,8322.076217169863,0
100.0288383059058,0.011352545706336778,9171.182551998696,0
90.46363406499718,0.006831606818183834,9354.019719064621,0
94.69596810421092,0.06522494950474932,9898.021703962906,0
124.01660230864928,0.00630914608458998,9075.255700154146,0
101.64225108930535,0.0054174128217157926,9033.107711326285,0
96.95969915624765,0.010555789303869077,9309.705927335843,0
118.75419515694797,0.04902426558689944,9589.824644515178,0
112.45449646989827,0.02262681873214166,12047.084038929017,0
100.76610473148165,0.02983880603573035,9942.54896768121,0
90.61300579364683,0.02711636699617072,9575.430563469632,0
92.90233728952894,0.048522019680493474,9721.458300141074,0
114.87333775583731,0.056174288468394964,10802.437198560612,0
111.07349532727306,0.004761893267769267,10344.068935611867,0
108.06860890655219,0.05867259973742141,9010.52252554756,0
112.23883117546546,0.0024221942700679566,9286.562484977092,0
107.15435196655376,0.003403820602226293,9119.653540202817,0
104.41992368634621,0.0019971998783135207,9016.40677274124,0
101.03907579588363,0.02570054364854524,9782.205210204818,0
101.43793064546037,0.0036265827102417306,9783.650278913978,0
91.35802712345496,0.011597039213843884,9618.423728977423,0
98.48307165248096,0.09065584550980908,9056.19610688038,0
81.72867672642602,0.09260594098622546,8756.11647241218,0
78.59873050621579,0.0014030074274481912,10333.873982382049,0
101.84933429505806,0.053001593440571385,10293.200443740694,0
89.78435799336827,0.154919541240433,9497.932248259487,0
111.02140211535578,0.008090249432350231,11533.935772692099,0
104.56533125195207,0.055871124455816996,10602.318590899022,0
115.64922460330368,0.02202888728134413,9575.195875305439,0
117.60557872218749,0.0670584053426302,9879.703785753545,0
109.71046978287033,0.031412153341619564,11009.641267025683,0
94.43501121832142,0.11031809162679049,9863.48713480802,0
88.65624509803305,0.005947910639886111,11485.217738915717,0
111.09767536259947,0.011220351064560916,10092.51626792277,0
105.10057655435341,0.01811519204754726,10925.284600389487,0
75.95735033618341,0.012391042757757235,8953.793671494688,0
94.71964590746839,0.023845791088296805,10320.462322614914,0
99.85241614243037,0.04033661338024569,11164.06986053868,0
105.14290764615177,0.01333920213582986,10291.724787889281,0
126.82630465578252,0.07817094374483079,9703.295649517275,0
109.03322441396662,0.003201258163687797,10573.58359531481,0
93.15544383463427,0.020599797664955156,9681.150085019275,0
123.12916041136246,0.012999525521971188,9774.346925894557,0
107.70735517303336,0.017543807681831617,10006.881950035226,0
97.91828016290077,0.033428139519887046,9985.094753372006,0
108.12022188063791,0.010021998719607256,11831.835492514603,0
112.29246028806534,0.021034912626380953,9830.698161020031,0
109.5336301961995,0.002521013064163071,9779.119347535454,0
101.81501835101233,0.027471633383731504,9832.010742824245,0
93.55034368583904,0.053683571560211994,10653.705477776875,0
91.60875564773568,0.02262470430216422,8824.60106489814,0
97.54475220829273,0.03318377966813962,11292.875724777206,0
112.19732660785492,0.024351087006739144,9347.028193194508,0
85.92512554359588,0.060521161201748996,10040.231814166245,0
84.91343801244838,0.036213517279145895,10214.44093850799,0
111.64907922135521,0.026387321533899215,10519.253620901743,0
98.4440393477693,0.01705138170822632,9313.77868901808,0
99.40346395842819,0.027770616908578155,8245.590764640565,0
101.07041962153717,0.03485208099703121,10614.932117986362,0
91.08215592331811,0.05792829986406304,9795.115611889112,0
112.98722743409479,0.022855559531881293,8555.24923393647,0
110.4787672735,0.024717911145262242,11417.25642354925,0
100.13909420471828,0.010972100293118762,9236.38157297582,0
81.75964067780626,0.015796590330989586,9189.214578148169,0
103.60824566264294,0.05805520462178834,10276.169154599818,0
121.70985918426916,0.028708570523035583,10308.849614679462,0
120.3120936477525,0.040550107419679585,10224.239626079916,0
95.58038268570432,0.023443518769514653,9592.055241822502,0
90.98449761262303,0.06308132825249549,8933.326817322642,0
116.64528136503282,0.002162556586886384,8672.298341415355,0
113.58958872832218,0.07456002861727491,10346.307845106227,0
107.7427909697447,0.04922055725885349,9548.847853801364,0
92.23425464289565,1.2119440556439957e-05,9469.227696494698,0
102.54164590902406,0.09021793983413262,10318.146901892864,0
77.93087606313412,0.0145984740279408,9414.901274377335,0
94.01831056286075,0.01178217654073579,9262.453513093087,0
98.576981378297,0.042256333109962345,9501.332998610718,0
97.80472011972269,0.04675983540529534,9397.206027191021,0
92.48605770165936,0.0026076758362935126,10320.896290155912,0
88.52045754150497,0.053046799010807326,9165.173479615378,0
104.33814864360572,0.005943841254251116,11324.348006552242,0
89.30157954305027,0.0733085846463945,8564.957492328225,0
92.72552346930557,0.047792145415386546,11116.161514857271,0
93.02588534616865,0.0739598739247265,10565.32952887121,0
108.70858439019568,0.05134988214756297,9408.067196066593,0
94.81165212404052,0.07104264156570961,9782.500898065557,0
94.32520162177771,0.016499551018636045,10264.81609657608,0
90.18988003322293,0.011266688965261359,10866.477872091464,0
84.25321689665482,0.05142994683903862,10074.57775766454,0
108.03937122377882,0.031984941266885676,10293.207193655477,0
113.17002645020045,0.08288294998728868,10956.047536098853,0
82.7695273042112,0.08315783182672543,10277.404441055252,0
86.13807532478026,0.0019645374615911483,9723.710613413055,0
103.09362608042595,0.01849392346916469,10045.575770132658,0
115.0601184999685,0.04171881465712792,11125.367019706171,0
102.33797641239913,0.03507635313456602,10315.343949979506,0
77.30705933783489,0.01194868271679418,10976.27010749629,0
118.28944735232298,0.033565246603885275,10704.289706628775,0
107.02533651196835,0.04581276956271422,10313.917795073732,0
81.54891113273,0.0038094405737103616,10502.04507265774,0
96.67257417576893,0.02123042066222523,9070.347435884096,0
102.34413951075864,0.04402109889833536,10350.767600368987,0
98.67775005992753,0.033189838438674034,8151.006759521373,0
103.20714255938177,0.03672914640972957,10326.601163667705,0
91.94389191119323,0.01439649633875481,10358.388216519503,0
99.8891814180419,0.0043762399666466495,9377.87495207358,0
97.48863047412254,0.001016944138672826,9411.235266010322,0
92.72209357731089,0.060788104237730387,9952.452347468714,0
99.41295578875933,0.029498148124856308,10393.255860727397,0
97.18181233747966,0.03971304018613124,10313.924548459303,0
105.07145913145618,0.015365882697784683,10376.987166869952,0
93.73329187466355,0.008935991102959685,9309.427797434073,0
95.53368571869476,0.05542271651081059,9450.803636995171,0
122.72779644342762,0.0004987038167972388,9341.786972198093,0
110.1898282348925,0.0262803665017015,9142.451827957973,0
96.45540995111456,0.004924183289824674,9020.003971666863,0
111.10311192058388,0.003557893239452491,12189.05926646268,0
104.69733954131189,0.00429049642226829,10877.833880192315,0
87.50939861230053,0.011724417300716742,9986.190005920937,0
106.94120026503518,0.1068858274326334,9965.16783360695,0
104.98813539264516,0.008791488325848282,9220.783663050954,0
91.59377805394227,0.03158850651941316,11169.196418971927,0
97.74070573681875,0.06943855224401005,11199.495410924224,0
97.31523726784896,0.06478784637957653,11464.002660590682,0
106.8554462831263,0.008087549342249322,8961.927207110499,0
94.46683782267446,0.1635870026393769,10844.491718243718,0
88.12401142974998,0.0065869461067976426,8837.1077661263,0
116.85070100513981,0.01869173503650962,10716.345531520823,0
111.0320815559706,0.05024243112622215,9987.92336438122,0
96.39533878094444,0.04156614272045936,11179.232035491885,0
100.01822590735166,0.011452599558574996,9292.323977764867,0
88.97570599648839,0.003837661011104987,10325.970161436135,0
97.66571058982193,0.07993255414751566,10045.465972652824,0
104.47783726606667,0.007690235804287695,10306.638172730458,0
94.90430026513755,0.05482735992834649,9880.078252920657,0
105.36785625814296,0.040117219058024504,9017.784449830067,0
106.85378157765155,0.0028487362636394125,10475.188925491902,0
98.6563430333664,0.010845371532396534,11061.727243793624,0
114.49912139731933,0.038737177610606,9157.856868244653,0
84.62349011842562,0.10330683739619526,10395.243231882734,0
101.07852174108808,0.02125045730303943,10380.142195176375,0
83.29567666031784,0.01878840309636103,9871.343862865975,0
96.64246215193323,0.10174868143672505,10633.734080887587,0
87.10924492332042,0.01108534893087204,9618.755735114028,0
106.8279201732929,0.1811618778516008,9625.406843304656,0
95.66721372378622,0.00885282549605685,10960.570198416426,0
81.3030662919591,0.05140683440118145,11647.890329514934,0
92.04725522161174,0.05919735047523124,11068.027722846573,0
103.19494192822839,0.09983188992685213,10911.92965523324,0
98.39766155997364,0.02516238323969178,10986.550990912076,0
98.68067011360324,0.047921940506431164,11360.68001555918,0
100.4720746188844,0.04553548879047869,11516.94521106363,0
112.71884330822056,0.07937861161691374,11146.53958461634,0
100.75635909406962,0.046506330255000033,10632.91542421781,0
116.22819746142181,0.01888391149172443,9506.862417898943,0
104.97112255914503,0.0015208389526495856,9975.604518184013,0
94.41327779659844,0.055173224238659224,10425.506840303993,0
98.99915729916206,0.035621255065516166,10761.370571968962,0
106.16997853490973,0.06956217932074744,10069.213390710027,0
93.85437789674606,0.05450052565907791,10413.61854085102,0
88.80885994804363,0.011528749921412567,11061.487780143254,0
95.96012180261744,0.02463480305382969,9921.99647047491,0
95.70553782431975,0.023774073854183078,8942.244926087416,0
93.73914527512761,0.016394968036409528,8956.091746584008,0
104.3612968090256,0.01792134530447147,10467.497411443466,0
84.1431038620526,0.05700848039917989,10950.659897666532,0
93.44500663822633,0.019664524778316362,11261.484061846035,0
110.72962752077433,0.010464008300210432,9540.386393265584,0
95.43863204117487,0.00034956127023005575,11324.259489482485,0
92.75520965178738,0.021161232929171287,11446.349675126663,0
94.622950128154,0.013461165834532645,8432.100216598743,0
102.00194472950001,0.052663896633903536,8645.026763851838,0
98.22031633392089,0.008630479407291359,9240.657533440328,0
112.76536417864149,0.003401175942221324,10651.575302345691,0
114.19028039746252,0.00906209706312587,9916.72426134498,0
88.61111502006594,0.0698782799801281,8548.67371008414,0
92.63159377735904,0.02248100477567232,9363.212558699846,0
90.7414429950231,0.03432068503738795,9598.240558477666,0
95.18787993438161,0.009168418026735504,10901.48823725157,0
86.3257310878752,0.009274795623373236,10829.707519696856,0
94.63398581963745,0.03692713527867416,9848.26722506943,0
98.62414287076554,0.07921532031667894,10831.186617317535,0
104.71041768078084,0.004510896650314987,8658.408011312702,0
110.01305680906006,0.07873300661930052,8064.727230416111,0
106.53418169253311,0.0809933944313931,10592.021808707357,0
103.72015621805747,0.013616511989686952,10172.402557795167,0
94.91054328164401,0.02265130112534331,10745.745578239392,0
100.4301360141747,0.02038264861010685,11056.08913201369,0
99.9451915083547,0.018735063156440458,11410.080331545098,0
82.36285288156277,0.021015565414452334,8785.302303541019,0
112.21665880579988,0.006502527407487219,9808.60813543118,0
109.91360193043003,0.1315610476911806,9749.65204767019,0
99.28217094212599,0.005860481006008246,7594.8623036934605,0
102.24355310261973,0.07993910561083534,11655.752631758594,0
100.93267415572397,0.01597622262737973,10221.403505141438,0
105.84618044350123,0.031075120466386424,10514.213510416797,0
108.33449388169026,0.15417328357285084,10631.460337427643,0
109.94881715993682,0.022774152356214012,7833.677457296411,0
99.84886701631397,0.0031602332499419167,9710.100619254823,0
82.28279841053937,0.034080048065194456,9198.327657483458,0
90.98233348554339,0.007787418818466786,9939.876060499506,0
110.15954639762576,0.008811110753232761,9874.496494303145,0
114.06700081268559,0.037486825678560744,10363.123298567036,0
101.62170883247279,0.0016867472754704834,8737.496110323835,0
95.47447186014826,0.0662248004706512,10815.601967778763,0
103.34600743654269,0.04192320780622404,9519.25916148847,0
104.21301449636417,0.030047564876559737,7905.664660751592,0
95.62549577509569,0.010789188171142206,9062.062932653926,0
94.33095889912134,0.041043721821332556,9378.583898778725,0
101.51097298784272,0.04706413553532545,10477.247115507806,0
121.0352507602369,0.00025674159222236257,10336.82854388468,0
99.32673358008955,0.0022227283141080354,10762.562645465257,0
99.21317033073232,0.006699238020103934,10009.022786841893,0
107.88013047761034,0.03002949419217354,10027.983371076254,0
115.5980396298277,0.011367474136051433,10806.871651926824,0
111.96178152567444,0.041241663387648606,9879.836736291683,0
105.37199296433042,0.016527325755243693,9961.475104625559,0
116.8325043547586,0.004442657794885356,10945.953326625196,0
123.95703481774356,0.0189136422499968,9847.856451432848,0
103.31313463526278,0.028624671750651545,10230.677151245798,0
90.37388760081168,0.010448151380491396,9080.957554847617,0
101.5438894673084,0.03130363791492614,9696.701376988673,0
95.45849123210769,0.016546785272417732,10179.870934347857,0
95.1733727382229,0.06558728445450283,9654.00824020241,0
104.7269258100438,0.045546095843720436,9988.257700486727,0
103.88374319198618,0.10074054784032957,9387.725123042163,0
92.45237577880684,0.03127047802120033,11373.411543160262,0
103.43182516236088,0.05754811715321849,10952.131327061532,0
132.94261155934805,0.006464446681274035,11115.658493196031,0
111.47367264604068,0.032444515539492444,9900.478662521036,0
101.92503122449583,0.06772967427022088,9059.00508531466,0
92.61683924856585,0.010765443369799826,8914.643119806564,0
96.17871469669561,0.055938903157565674,10048.755359729312,0
107.0990374358678,0.0462660918490415,10177.597765157278,0
95.63982647351618,0.00961735711042151,9386.657945768897,0
103.02692945205203,0.021093294817072474,9655.559693545634,0
101.67605058588337,0.08713792540806346,10112.369630567417,0
102.65827959236407,0.04511138540418114,10689.917058719346,0
100.7041230320168,0.018066208939129347,10554.369158228874,0
87.88567988403199,0.05328184727146847,10965.374328307722,0
101.97821443457677,0.002529959126232058,9054.786409964154,0
106.74052912350564,0.02646714457137869,12556.939961077775,0
109.88153281521505,0.06207523373185561,9533.571468233897,0
93.11462806379117,0.14213018511545994,9280.075617555309,0
93.49965189514738,0.009804610598903607,8862.0549104033,0
99.65261313435522,0.00223297774422707,9507.749105559797,0
99.65998967329512,0.030681300716190477,10577.681166927741,0
100.91814736406504,0.06691449649291223,10375.925710076344,0
82.55202387437262,0.00867278464199935,10990.315989434981,0
105.18347377901898,0.04343420308069837,10625.13024300165,0
115.7185271386511,0.01563404656759829,9258.16239166828,0
104.37127989783593,0.010150043882872783,9088.201928473096,0
104.66246926217134,0.033419805195180355,10201.395269146431,0
96.72305755592672,0.013240091613735665,8928.362574061162,0
110.28060534537404,0.06095486208559217,9278.648018614353,0
112.67539573625218,0.08412581864543911,10122.29136625135,0
103.72847760940125,0.021628898641132217,10751.760327170623,0
111.51647729424442,0.038935875514526416,11443.133488977312,0
88.38850648021148,0.13076256507847062,9482.58285149544,0
94.664755957844,0.01746878874663983,8748.702484667212,0
98.49333803350561,0.010407866509553613,9297.872562237744,0
87.16693810890709,0.025838008551908882,10649.34573757583,0
81.85092656884598,0.002843849635054783,11398.83017499289,0
95.37613484251177,0.012994054590424126,9607.780946595629,0
91.706382356718,0.005248568238049763,10493.970799620174,0
114.30132583630815,0.0903748888187231,10610.409473531841,0
83.16864207820038,0.006783989415146878,9140.410685695992,0
104.91038320004387,0.08108775185104494,10907.384225447378,0
97.4819708500046,0.019649812466281173,9609.368650315748,0
106.82184597409115,0.04360819847298054,11265.496947614261,0
107.7829686253231,0.00635845415490216,9005.443256238463,0
98.17250194631882,0.001928462225159297,9417.303607055614,0
100.15168639120463,0.011116122747601834,10200.286661292008,0
104.68109107109453,0.031850544741960404,11550.662549339591,0
99.50909840490738,0.02210717601030428,9758.071552469408,0
98.95499134550899,0.08354135562056822,9351.394265621253,0
118.55780803807077,0.003862210830365944,10981.09949652203,0
107.18692586243318,0.04705368236847485,9146.102091626206,0
99.87793623120871,0.03598042736679822,9395.553740013076,0
95.36937097905417,0.0879594248517737,9538.542957208474,0
106.42785146362121,0.12849613907894825,10615.907425271635,0
106.74673708453403,0.001361885665791887,11049.824855310435,0
98.63414872974809,0.002816023064314767,10108.487875167024,0
90.88995114910928,0.015775809586962383,10981.974695278583,0
94.40746837148204,0.05051211033696675,9295.664477789325,0
102.59141397624134,0.03173423544613115,10376.777748151755,0
99.5401996151265,0.028985163327843746,10008.361217211594,0
91.88649060632605,0.007502231852072236,8976.252194206263,0
108.36386810661111,0.0416203788362737,9034.778181618865,0
106.31545789273429,0.034825298883266055,9452.996785871957,0
92.1464225831529,0.0060591735119437185,10734.403955139282,0
99.50199760713215,0.013835851133750136,8572.040289567776,0
96.90806819519301,0.09801059723296046,9850.409665800264,0
105.77633339924188,0.06199441139185216,8868.904967893744,0
93.49450929710967,0.00728503424256959,10994.260103379427,0
108.12151723670478,0.10933002279421894,11764.99802167783,0
98.37032991861608,3.393795987047412e-05,9824.538270592753,0
101.57554208701546,0.01421537977746709,11290.106419520584,0
96.80457351929788,0.04105099962181329,9074.88920923839,0
124.50702235449177,0.011615735184767956,12221.236896081115,0
107.52871709815955,0.12799292334961307,10099.442037664472,0
95.62448350471784,0.0074239029540894225,10259.7850283978,0
110.96155432558862,0.018897847878960365,10673.781400225142,0
91.1214393135327,0.002285661636459514,9260.711251643994,0
100.39271523428697,0.02832556784075155,10642.957554815835,0
101.52159614572035,0.07288619566545608,9683.400732973445,0
106.98643123207835,0.03660754593379211,9337.649863667813,0
110.80260917641016,0.07766807479520717,9306.600070539163,0
104.30745117765287,0.023932198370000556,11215.912528191933,0
114.64700803895555,0.057870163643798156,8937.298914403822,0
113.64505538932376,0.03469785803173749,10659.215093260467,0
101.97101717525102,0.07852224844906808,11233.245304759268,0
100.07448494790907,0.010783212830754724,10136.104567594857,0
109.94450997929836,0.0012030621486796582,9838.656620954747,0
90.97749408915135,0.04852698263993734,10520.442194706151,0
100.48410363388655,0.012272485852991575,9644.254485488791,0
101.74913439658938,0.11790140450795293,9090.342245250655,0
115.72216477238457,0.007847453917147898,10273.776470620289,0
96.8779615909781,0.05147535881097662,10497.347048622565,0
102.85133987171075,0.00599976570126338,11277.111513142801,0
99.11008726291,0.01173540883079286,10571.96919646208,0
90.09079268003325,7.336497793744038e-05,9294.251508079784,0
112.74125551181824,0.013882803097183804,9091.670876582248,0
107.96419226919932,0.016873648408646115,9918.534552325777,0
102.0735485667364,0.01111895761474043,10215.934032471212,0
77.71734602647103,0.12797321447693025,10579.829113200016,0
112.03511505119698,0.07944816464154426,9532.61715486542,0
110.54651329111084,0.025647936110141142,10528.50954911613,0
104.66165242749553,0.0026950065099276455,10687.572539368186,0
95.5451987585246,0.021473686361391638,10670.685765267524,0
98.60344771873322,0.019804346237614387,8988.653435056229,0
112.04437264141896,0.014817637062014149,10069.700283065711,0
99.11905159713234,0.020168798152729022,10560.5841290665,0
102.33032429532311,0.011790789268627321,10014.628658312342,0
98.82644582964743,0.07119944101725872,10318.370013312135,0
81.35405589174813,0.058764698634652016,9599.529061227673,0
86.7669522285871,0.0873741350679129,10648.06865703369,0
92.87598124245564,0.024975633989713104,10506.565800419865,0
94.9433111254681,0.011765116527273963,9639.433408112365,0
115.79694359325957,0.005629097199406731,10098.531881949206,0
105.16069644132428,0.021672278144456613,9489.180034548448,0
96.49350582236453,0.08525012015127115,9347.31443185298,0
108.13019202436311,0.07870946413824456,10095.143783899217,0
104.68720931935641,0.03620120388168481,9946.42540335505,0
90.84625758348845,0.09238254156129662,9697.748971530063,0
103.49337299955909,0.012960088861960296,10314.50990192338,0
98.97084137762839,0.015738708485379626,10186.31266750614,0
94.48905686194293,0.028937150400288165,11088.278737286757,0
118.66584667098675,0.09222056326914763,10470.776822103266,0
100.32695925281693,0.08791024145489547,10405.050088038148,0
103.21461581159215,0.024905708075763915,10301.182055722285,0
105.56021030446587,0.09226451082876459,9252.270773680786,0
87.04317897904171,0.03611554085424659,10030.781216701276,0
109.40624559944305,0.0035294058202647205,9360.43124399915,0
106.27411632802415,0.007708571531373605,9431.093957623789,0
90.24418208321649,0.04865604691450149,10207.227806221857,0
93.82014272663513,0.03758409812724857,10290.373478285701,0
106.4208641307938,0.08863337404913692,10150.345655356203,0
125.32443152123555,0.09005284741632116,9899.85234524056,0
80.56848500491238,0.10215823503584938,9737.387821617662,0
111.42329606497364,0.0007238923180160923,10548.815810189868,0
108.17183281297578,0.03006008350115553,10175.133374555737,0
105.26436055731487,0.014891804051753488,10404.070866888089,0
96.75047581086596,0.05000981876423425,9817.077422229253,0
92.52894678852721,0.0833941632644696,10037.680097749786,0
85.78919626268015,0.006510866770557605,10734.672157767722,0
97.61552971450568,0.0005499960209641897,10140.117224782945,0
102.23142331395741,0.058859517152296724,9990.353769681065,0
95.35218923092388,0.01563713341300153,10661.622941770085,0
106.86135001292949,0.12406182844276967,9343.219392018673,0
79.2799287960164,0.026816266541747482,10499.617315633519,0
103.57127642937824,0.0219332251830115,11658.980185394048,0
97.64355869290165,0.011156925406906328,9418.6324958616,0
92.98224132062217,0.12914318539763486,10533.382921837598,0
102.67937809980315,0.0030180592535580374,8900.582075151144,0
117.38957536035205,0.015144795605623453,9667.076087006175,0
100.39111550443411,0.026034368249519258,9113.240238351476,0
86.06622762008851,0.017899705425420062,9063.446906335937,0
95.15857959514865,0.08637423822439068,9434.703979699912,0
113.04402614740054,0.004159188424883915,8739.098283994586,0
102.76972258742796,0.007091414234909456,9149.450143135342,0
100.36329604635166,0.20408250314657025,9993.864808669514,0
103.69733710518636,0.02387109926229933,10162.918604478049,0
100.95427389946457,0.0027131351989415926,10095.38070600493,0
100.77237227121368,0.008824295547604265,9532.805832396636,0
99.21018677631858,0.00016062263279988028,10252.870166704148,0
117.1430609997291,0.01023844926228695,9932.324413487446,0
100.7596627385901,0.006263589113627164,9886.672468544657,0
105.81284474231231,0.05373422864898671,11579.833994655348,0
93.30867124498477,0.011935402777842835,10127.592075203427,0
97.39157544341855,0.023275958724714656,11389.8507270326,0
100.10516739617708,0.013874145226183458,10840.924163340791,0
114.32404053116043,0.04607581673747451,9977.53279600173,0
107.5086983869378,0.0038495775077014172,9007.293469422273,0
91.24688592421901,0.004302688446141311,9466.870193730725,0
110.94652306712477,0.018028284264979915,8870.941786314188,0
104.71714039284431,0.051666680020030484,9375.071727236853,0
99.08766565421645,0.11211190665318108,9688.745204556577,0
109.60629869473469,0.044540550039377236,9421.556181465246,0
98.9653419626847,0.03153101953724833,10339.496779134543,0
97.60492555655938,0.03228816470275039,9682.571934693837,0
93.36312434600417,0.015238708871411074,9012.798704502962,0
102.7654348591838,0.0281157243810459,10752.759441148592,0
101.7354824567439,0.054981210660935496,10594.732502109386,0
104.83212870916704,0.1889988560741453,9416.202084645396,0
88.72597175049808,0.15317781229161812,9470.3037252165,0
106.46706414990291,0.0071439729099494545,10992.204517662798,0
100.26010308698154,0.05094282388894502,10260.16696620571,0
84.31840991470767,0.031582479550461375,9417.09007289692,0
104.684219280232,0.01638755768355728,10355.798285920559,0
120.17606330686533,0.014983792816226443,11433.983857093132,0
95.4251119481245,0.00047149422415396696,10378.21825198471,0
96.47164994609979,0.031765556882110906,9015.935557603345,0
95.6882455361695,0.002319159331095054,9360.340932983485,0
94.2063203579548,0.05992246237901604,9347.572860465301,0
89.30689491239983,0.02010114390084717,11062.099066462475,0
101.83598010655827,0.00021968257052515708,9339.861605719681,0
94.66869052577633,0.029332856915125226,9627.513933909622,0
94.591234686236,0.013599174553343524,9774.663270849516,0
97.72854394073585,0.14661160399116435,9785.478146921541,0
98.16870088156872,0.00185507403178903,10709.74092044816,0
106.82324648285534,0.007706781277699491,9816.785462086757,0
116.30177493688798,0.10481153931431293,9780.280022658373,0
116.67018244182664,0.027780025217432402,9332.63554363631,0
104.88453313670499,0.05369159265504855,10355.851589703516,0
90.80698776965122,0.19270151876102407,10916.887072662676,0
113.45056018825659,0.08594485967514788,9898.806252435206,0
93.0841019139964,0.02268592910879133,9289.600643192856,0
96.24388176681981,0.025511135448572416,10380.943343761443,0
101.79852801829541,0.027454389516759783,9802.49195911279,0
105.27049459515955,0.06414025733279144,8628.882597482183,0
96.74739523087828,0.07188841757838671,11376.281806890158,0
95.81806705875387,0.042246562575479464,9849.537165366775,0
87.12619547611443,0.04045170506196173,9772.797077559262,0
90.56461890838722,0.010278197674128863,11554.95771014384,0
101.37275143692047,0.04851860038004726,10384.204329579889,0
91.97616825631783,0.04051250077846245,8457.543670089528,0
99.54206468319238,0.02433266622159632,9825.958393820894,0
110.53777227042644,0.1882582497631082,10240.489168016402,0
92.3015501749929,0.04172540709596964,8997.844865931043,0
91.42545476747102,0.03029820523388006,10799.12965631049,0
87.19821469987511,0.0284420976813522,8595.169882546834,0
104.83304432363414,0.03530727917663784,10461.598414284392,0
93.98115098023996,0.0399640350730154,9598.676383976022,0
108.23415651179195,0.034342339065799615,8984.073774968125,0
81.33933452968134,0.03077893756312683,8722.64188016872,0
102.02303016839508,0.00575038390069414,11895.490358538216,0
125.87419287608978,0.02036883903072747,10301.21281475239,0
88.9826264764522,0.07755906748041093,11768.581576503067,0
82.42857454882235,0.10937328848099707,10874.563795376056,0
93.71123967246747,0.047917542789896704,9051.058462289944,0
115.64205720255893,0.027991326182080525,10539.626261514728,0
93.66044310102419,0.030839097808530464,11416.532816199977,0
97.36462870563494,0.004256266444858232,9931.978130634781,0
108.93585007591835,0.03571421911162923,10127.078549436135,0
95.645184320007,0.025122190868057313,9664.320639073167,0
91.68157042636146,0.10729673746909646,10479.994740757378,0
99.03162027701971,0.029931609475832646,10558.279109178842,0
109.25181883839822,0.11963376039730926,10933.634169257693,0
103.4854525736146,0.01629186397635477,9956.150134261794,0
98.91428830816133,0.02781359084800925,10097.3774427948,0
98.15979122193794,0.021674841681634544,11073.203535961464,0
101.73635554218352,0.025769395448248737,9709.696731882208,0
88.23356555888455,0.05150548802395159,9096.492051684647,0
105.05239971663944,0.00944563901897967,9302.242977678927,0
96.8300746745343,0.00031959414834260413,9261.731611620917,0
94.91499750439223,0.027340581651081743,10506.287638537295,0
104.15941733761737,0.05316039185429121,8710.670907115638,0
94.06622055401999,0.10794862473832441,9765.486665777837,0
92.21975816474743,0.0013569614918954788,9597.824077814854,0
90.6333475208916,0.10192122724766776,8584.564692116108,0
88.53261640095359,0.11115987000030589,10162.385336050811,0
90.4242832643565,0.017440692485650923,10267.610641430805,0
103.7083526470948,0.020729674497659844,9301.104948378934,0
109.90988271137304,0.03436352978543414,10834.341676915357,0
112.84728716884472,0.008911716540110954,9651.10155876578,0
96.06845765577948,0.05027456031692448,10751.126070565473,0
93.48146399965354,0.08745796585020385,9641.824834595982,0
107.33018751132349,0.06681301451499504,9017.714981496209,0
123.17164757774896,0.01371472605098741,8832.284765217095,0
109.96919337391549,0.023398415534202764,8959.504281162004,0
96.55205254141924,0.08475060102322304,10860.502073162235,0
105.47676663903317,0.012728484187927845,9326.558670648263,0
93.17376941249718,0.004893086646802068,10518.055937399573,0
85.53091029935533,0.02932774122811035,9685.523764762806,0
96.4707578687052,0.003962548741749611,10005.915538678628,0
105.83815026257307,0.09094029713705623,11200.140087212498,0
108.07898693678266,0.049113140109421284,9631.816395308773,0
100.43403751447234,0.01341959589744962,9633.098032401895,0
105.46176831437971,0.013760861162237271,9916.197182072168,0
76.99192282546655,0.02598198419703636,10937.58923893511,0
100.85684066744088,0.004118657944762302,8828.165814156318,0
103.70328794988264,0.034134604761438675,9976.368421957359,0
83.62714363988766,0.07454947133803122,10921.089566489864,0
96.69491490004806,0.012257289287781017,9009.206299568526,0
101.33732915681735,0.01902340442785769,11426.719806210822,0
91.71327881033235,0.053358735649943645,10149.99793172001,0
85.53022534749054,0.012831620620823752,9082.941590534767,0
101.96150676127574,0.023859759509217825,8177.271127503263,0
112.32068983487734,0.03150937045702239,9838.30181631021,0
110.54769601831607,0.018345048314707405,10310.104883159524,0
91.95216178327014,0.08815085910327325,9069.370402190081,0
96.95089300181483,0.052570554661839915,9499.981780566182,0
107.46320850906619,0.026086782528093103,9399.71692098441,0
89.08425060212036,0.012662380661446327,10789.85057515257,0
102.17283419599197,0.012048041946138198,8645.55903672691,0
109.2613305362375,0.013052834740977596,10024.359844530172,0
105.05697816980849,0.04913464901257242,8829.69192200899,0
101.8024173207435,0.010852957806178676,10498.697757154147,0
109.941692608596,0.04221862109960698,9371.358432314206,0
85.15105020717371,0.034539118357981985,9632.183330720121,0
107.66229074566077,0.06675149899813468,10170.452867423883,0
105.29750629891515,0.03265660205658229,9774.080799074176,0
103.245002771174,0.0015841954241666782,10246.727563243823,0
95.89615373456165,0.12366635343419585,10172.248699924243,0
117.99544836460707,0.06659187080327308,8962.737781201038,0
103.43306660793097,0.10946710623678609,10656.720077975097,0
91.96097519862292,0.02963959176865742,8954.65358086352,0
94.05265643150565,0.01950807003098898,10632.657053081157,0
105.33532665234036,0.011680512492144057,9913.952719825944,0
95.93244729755921,0.011547144336246845,9280.235619237088,0
75.97229632647101,0.015207567790376799,10757.787557701446,0
95.56892560580764,0.02172738592848027,10570.106305946085,0
113.688832591913,0.014871250423289404,9552.102516219544,0
89.49252838461865,0.14268123781413097,9735.883632156108,0
102.80833995303531,0.058560297912037255,9503.099435097945,0
80.95634395004556,0.09621218710243014,9699.24652696286,0
117.87318748058037,0.012157458843645809,8857.95620008596,0
91.2404116681453,0.000683550718480537,10817.195951142548,0
112.20383585466539,0.018875209190888795,11687.398933441495,0
104.6682964011336,0.00359010054507774,9530.78823992844,0
96.77303200151249,0.0011215684306938555,9388.258565723841,0
105.27897463394882,0.05067355881484973,9755.628097236007,0
88.07365275006595,0.10007742512521461,10122.562159933554,0
94.3192697299446,0.04312035279271624,10104.821429537355,0
89.31492403058039,0.011505130538495086,9904.639191988736,0
96.79752696997113,0.013962514311891612,9126.137734031063,0
102.87651793794407,0.06289513216720236,10069.404839924033,0
106.54064003350588,0.0695806920783657,10109.301189573987,0
95.47206907036207,0.07850041730181419,8556.90121289733,0
86.94648383909454,0.01592363186590069,9232.757961793634,0
103.87934018213207,0.026884711636465972,9801.22188184885,0
84.77614626215474,0.01276882407052143,9737.517474718745,0
100.6846656024752,0.004752920801758332,9984.93157537805,0
110.4864609710549,0.06290680697236603,9502.189408492352,0
103.97940502956364,0.003645834987429216,10494.064451449305,0
102.66590445932198,0.014229584422906593,10251.805117149954,0
98.53317134283172,0.01161800844910955,9292.094720830562,0
96.79571661248123,0.0179198927164138,10913.849919782264,0
93.693458714819,0.0061363173851920316,8796.227964302056,0
106.36531299975263,0.05693582834460753,9404.647213662403,0
102.18039386666152,0.07600665835463659,9704.966759952713,0
103.00299502975388,0.01679039825945714,10879.05717738341,0
92.11409737951017,0.02340938987094369,11671.248791777509,0
98.45281310106806,0.015375169636539024,9767.82226703,0
105.50254152957179,0.009550081033087129,10411.569654310366,0
92.16451848636838,0.012165719158276682,10675.79528841861,0
90.9566413754443,0.036610198422090075,9629.77765990127,0
91.96860801975973,0.010989611253934212,10280.403564951472,0
107.43043909621844,0.04878287814885899,9720.172503198297,0
105.30763756199724,0.03153317946252107,10245.554403312384,0
115.23670325768295,0.04847829786541692,10942.690770032776,0
95.86434529902832,0.007829494912115337,10527.150678643002,0
93.44403495221859,0.018770817878604774,9798.301108605528,0
92.33612830913505,0.0030048846857603597,10927.138210338127,0
89.43472656835125,0.07578903806481727,12523.150605771443,0
103.91224576201654,0.07069628399317088,8785.863871896003,0
102.4556362822306,0.033644922907390365,9355.231044980454,0
104.52009484659098,0.005506450592964455,10523.079250185903,0
92.36386102866095,0.005361364652934022,11250.377043789356,0
89.0007747067772,0.031727088140296004,11990.679468099032,0
93.90445858020801,0.04627628376152683,9018.89125861482,0
71.77028828114001,0.01943217837026696,10531.410976900406,0
96.18296836580461,0.0402562831284918,8990.572847237076,0
99.41343467329514,0.005298193014188539,10284.820348712803,0
101.26030302131731,0.06966181366527104,9743.773188737616,0
98.28838540267884,0.01577261453206886,11033.51934022738,0
108.66323717730879,0.04431894983039735,9590.737831672417,0
85.1497650072884,0.005400351726168255,10106.47482396361,0
104.38721911585371,0.02084211373252297,9939.029017235493,0
105.03848123946152,0.022426655568700663,9851.299794742152,0
101.2034167577799,0.049521352441994265,8847.255583592336,0
90.64432465700078,0.05031981451897143,10913.139586753266,0
98.28468393202878,0.014128903585254655,10845.387588021871,0
106.93743330928659,0.018836311788395822,10669.137621898948,0
76.27046697029775,0.011702669614991815,10255.082592640334,0
91.52889133123604,0.003371002179904414,10107.75224156752,0
107.28201154301264,0.013904741103650205,10298.157594165998,0
102.69755104228766,0.016436599032838742,10483.76956549732,0
96.39570575757111,0.1341315905389542,11885.31122661074,0
123.4398769293343,0.10288286394807132,9182.685013324965,0
80.57240933478886,0.0081052202552175,9398.300788438684,0
101.65062413154929,0.02492522772194902,11108.532843535422,0
98.46985507046081,0.03513914968373476,10754.077849345618,0
90.2778750941353,0.025749982340823128,9823.193805973624,0
106.76101630938885,0.049734596295096106,10094.954402908268,0
105.18239122690335,0.027083374302620436,9159.757241206255,0
98.76427020378406,0.013208760150743928,11404.406016031502,0
109.47295336781025,0.10604144219660287,9620.930854551241,0
84.41205302312127,0.012841051651562435,9739.74474676126,0
105.59070307071286,0.04324534953108976,9491.840340550305,0
84.58330065019643,0.10569926462014502,9294.353544533687,0
116.6416941204395,0.008944314175470446,11062.063369865293,0
105.07323799260097,0.011120895732638197,10791.533970011844,0
86.55991098278938,0.0009465375471014095,9384.148461840823,0
112.10344981945629,0.00029474639278687266,10565.102413287947,0
109.38719905443769,0.019495117555101384,8151.000106471127,0
91.55161775696996,0.03993666709634013,9870.548621757724,0
109.91012125170096,0.04801099240774265,9989.233782945576,0
103.5346828861747,0.008533480066106313,9675.567698547362,0
77.08270920120165,0.10363517406245809,9816.146176419987,0
88.13884828685833,0.0001933677934946294,10312.531105817528,0
105.25862935212868,0.0009898849858891866,10159.484736721362,0
98.0333869861287,0.004303104718114944,10100.297014334641,0
92.34390294307056,0.009725586715345961,10616.24407075627,0
125.5530784577455,0.013092767261547506,10415.46568695374,0
108.90087214318378,0.0015801268263367595,9530.401697268913,0
91.10933602204979,0.016515466810565413,10341.105695761373,0
102.85982898218863,0.007990552000865086,10829.611049914623,0
96.95304881312471,0.03297248809396366,9864.820743999278,0
115.73909444812821,0.011955552912965265,9496.65342233985,0
100.6801379295132,0.005644270106310261,9828.242382311637,0
101.29275976081296,0.017298617063679012,10584.112650643054,0
110.84857178776176,0.0163377680081776,11543.70047127586,0
111.29164443878254,0.0870833452049144,11240.686871367307,0
90.11354829608591,0.05969695308902191,10235.011420584571,0
102.35800806403229,0.09070291194252224,10533.434745858582,0
109.08042411586175,0.022948459077116134,10490.167804898403,0
108.10984852849366,0.09105190563676643,10490.164689360712,0
109.31984752398265,0.0075523837363026276,8864.63295527036,0
82.47742097523664,0.10200762130973738,9649.485135270923,0
87.34603771969277,0.01250467479105891,9168.13242275047,0
92.068974683722,0.14911305333939676,9406.202960684295,0
88.83009773568604,0.006016144036112416,10453.2098871459,0
111.26716768441779,0.006061369450778544,9103.66068363245,0
85.16750314350398,0.021341284203022184,10782.937293500921,0
83.44485521325694,0.0625773231674037,10971.912771010931,0
105.68063909347524,0.0385646433528667,9039.539203154978,0
82.84466409336798,0.01250313786816284,10097.244936900639,0
104.34936082331433,0.011558727656576425,9375.422661168572,0
93.76149531161512,0.01040297863304405,10503.485595304099,0
101.66981103433544,0.011845590698263082,10102.348073994137,0
103.15919644370382,0.017375687579031195,10728.63750313452,0
107.90983586949426,0.016512545509576988,9106.213663751658,0
90.9160182324487,0.15556545068158337,10235.982867158815,0
99.33376963427791,0.012338836183740279,10139.49799192452,0
97.23585743623143,0.029634534174768648,10422.358824880723,0
98.51946057010504,0.026033059901147328,10240.4031473178,0
115.8762991039194,0.02046043331858031,9292.605855057944,0
102.10932379967885,0.006431299353283752,10274.692207501732,0
96.17425521847602,0.01984377770071311,9689.665782535565,0
90.17513134112676,0.006491201776432236,8400.588040493767,0
129.8216040842611,0.007551886534886957,10773.89839259344,0
100.3772344831943,0.06450205681565264,9838.002158264013,0
107.05326740128484,0.0017383072685856797,10439.865636346885,0
95.35300924373591,0.027689858838299587,10645.272053099663,0
113.60617575089015,0.008602144402715116,10210.640283681716,0
86.27375973951379,0.10260338050743771,10370.436229820476,0
96.00073320708213,0.012406659710735495,9483.840693393215,0
118.1552783054091,0.0015103233011958313,11329.199529578273,0
109.05443721355944,0.000713887943413085,10280.901755307172,0
95.913499190943,0.006294582142378482,11366.133485279795,0
105.30021196976965,0.038046136621403,9021.387943093201,0
111.16284966121464,0.040764018894584794,10207.43256876981,0
116.45047442344533,0.014484094782142722,10686.977719002401,0
104.24863565059727,0.07261472686774141,9893.92487664452,0
106.75190518398136,0.024662306442745276,9972.266929328935,0
99.57468253606538,0.018789306761197173,8321.45863485946,0
97.70123163804351,0.07365478213916751,10117.2110748828,0
90.40248546545158,0.04404430268264597,9217.90227995722,0
95.94614401789168,0.032406092908848494,9531.839809994013,0
97.95164673247494,0.006773933867104019,9068.86112804359,0
110.27143213830632,0.010152973667367844,9725.785321566973,0
85.12426436080084,0.05620186215531451,8897.158268392197,0
94.34749984480935,0.00490379582211851,10864.599693386876,0
92.14119113701786,0.011502971904535699,9369.770498468955,0
83.67052021945594,0.03396645570655056,11339.935937730896,0
92.91023068696639,0.028710104072835602,8241.359546765641,0
96.95770045945731,0.05771914506542378,10373.271274572078,0
88.75603965890947,0.015704327061338324,10210.406516861774,0
93.66657485587724,0.007595649281600481,9171.520485931833,0
106.72001665045111,0.0234572427545917,12263.944468556088,0
110.95134947218513,0.045654056065286074,7939.8115482891,0
85.31937112008904,0.045557264350987274,10211.083817839271,0
102.61341486775595,0.031567800188080246,10139.088752408545,0
105.1705739470497,0.03564139990347275,9950.13009705744,0
76.35451257080425,0.01744348690112655,10878.888182330604,0
101.28571397408452,0.06734066839294994,9457.713541791934,0
101.75343806935643,0.03301755527538326,9250.008251711562,0
95.97674876740473,0.06604034997128427,9625.438754260951,0
113.07746053255333,0.0023364401435047723,9733.23006139962,0
104.39528093028586,0.09057941579502467,10171.57497994026,0
95.11039664099926,0.017346016882759593,9303.097472777341,0
99.2894345177698,0.017658221996855756,10011.845017583742,0
88.97753093781176,0.08494962853409718,10477.798710699088,0
97.21567475026261,0.00012886504182053023,10088.69011143921,0
102.96269637532367,0.03224495115377462,9282.89790547509,0
84.37031843757049,0.05195480734237286,9883.8979641978,0
85.93245933274383,0.012363080846689387,11313.229191119455,0
82.91809036780005,0.023909748883777806,10264.90187364432,0
115.41489942843947,0.005469812496206074,11088.478260465614,0
94.42935521847276,0.025167571239484595,9504.829783243198,0
119.6323551224933,0.031583036913024685,10930.197657065812,0
119.60262473219453,0.02203519386431387,9908.443095467184,0
106.20925838381498,0.025590638069120538,10074.53599763067,0
87.3185625665628,0.013307324798609063,10569.996934835906,0
97.90117130664646,0.007634718015545196,10703.10937227733,0
93.95119692816552,0.005007378371479009,11544.346732049315,0
106.78930782109177,0.02058041417073558,9762.020913844275,0
113.49906975819385,0.08522095837161389,8993.942898413152,0
105.98266924937612,0.013702797453931418,10149.423163074378,0
99.87943989014805,0.024622996388638855,11081.334237068644,0
100.60854718966849,0.010790608703444357,10542.0893562264,0
82.70782894799187,0.06707698612613232,9735.208679073965,0
96.656782822597,0.0010365405630245893,8617.27087956126,0
94.41922229027888,0.09355474976123455,9499.704046658582,0
91.54361595815172,0.01042214494300119,9881.900675023606,0
115.84425072988502,0.039613168213834475,9533.45784875298,0
100.67264483891022,0.0673910075239425,9816.4599546182,0
95.91261530437042,0.12379234092258942,8858.671844207849,0
120.64365969461207,0.007215649016877057,10504.835917970082,0
117.25542060956278,0.061677313974914535,9374.177773421274,0
127.97839488530578,0.09623485562564525,10303.272188591147,0
120.19528903239888,0.03352043295359314,9935.21302538452,0
80.22304323569226,0.0046591539782589635,11121.54874269547,0
98.42499137166838,0.05933272060254068,12306.279199970197,0
101.67140490004886,0.017910874333169974,10515.899563661043,0
89.29692379904253,0.07224398312953006,9111.06836480795,0
118.67356265860414,0.001602918367478618,10584.398560319063,0
99.22086940968761,0.0351347479385188,10443.53213919768,0
95.42386462343084,0.03932937369991051,10252.838030058909,0
92.9171987392764,0.033137748857955916,10299.30745269948,0
90.7652898132939,0.030162343995840384,9561.847758470738,0
101.7584984994095,0.04139388349287127,9866.454015282065,0
105.79206740058673,0.007540767674400701,10136.519004494476,0
90.98601545040718,0.016652362314459997,9792.90004296443,0
97.8503567849625,0.09995084438746843,9774.9361670011,0
108.6645356023734,0.020084700387825977,10249.624760368955,0
91.57848592815904,0.011659997785823327,8607.20991018266,0
92.07114514558573,0.02707500611857191,10254.608668159712,0
111.36548513099481,0.000721367261795338,9831.434140475214,0
93.72294014919623,0.00040213632826219985,11029.020034047684,0
82.8316219473049,0.03644188989678757,10128.139790719822,0
103.45760890426475,0.05220905589004352,9504.059071669246,0
94.94418271800436,0.008358059642261181,9786.28253674533,0
119.40416825808526,0.008249192250014347,11379.291869886254,0
87.57898997136142,0.0597710718009706,8869.162338550359,0
112.33086979927661,0.15336791460477678,10326.268318997729,0
93.27610578172626,0.0023285083653817877,9094.443082594093,0
93.6924029145681,0.009647419881000858,10037.907988450625,0
105.51234019559769,0.0006197026203191747,10182.897039756246,0
102.95636977668237,0.009153861669494976,9454.364643548739,0
97.10341533017478,0.04930298609393752,10393.274131905164,0
112.80037299039533,0.08099167925705553,10396.196549578544,0
86.39595073129145,0.0027426766180117038,9408.896367172736,0
108.34085312847375,0.018817770258022767,9908.170710324957,0
88.92735319577915,0.07165307131966786,11271.814242163908,0
85.16734014513793,0.048113509900582135,9706.609815916185,0
118.11678915391336,0.059818339166451816,9319.752511636078,0
108.88798375853001,0.011856699985531797,10391.688407391259,0
92.92073407294086,0.025430568715650883,11601.495033052584,0
90.17399192027753,0.011637352239268947,10600.043582194075,0
92.80032071182148,0.015420086108716903,10198.304479268449,0
100.31241969595415,0.03593894690131822,10104.9488819341,0
123.07127616979996,0.00674960223844032,10267.847491565099,0
99.35794922636387,0.14964700411547893,9539.339538107077,0
88.75352511527812,0.004870826054166388,10450.287929790848,0
109.26826630812077,0.11255271915385935,9808.033724413957,0
103.9469024797814,0.03490705267844247,11575.23417487627,0
96.03593841099548,0.007118731778647156,10358.265719898889,0
85.18717911286234,0.04617873829644075,9501.076229790306,0
94.77419962632283,0.13285219987084704,8839.069180567561,0
101.17397218733733,0.11403644669525158,9994.676840821361,0
93.88055136791789,0.03245192322090377,10165.143858071555,0
92.63811324587702,0.06376173567986433,10535.640896433308,0
100.51836514124123,0.05726468819248825,10128.504200829964,0
95.60006128757642,0.08925076464480548,10166.384739462572,0
105.97339903761844,0.03283148697697084,10635.936343369023,0
101.38611756115742,0.04848223176851898,9846.841778684653,0
109.55312374514,0.06526357175313503,9118.540645387851,0
103.59131996751042,1.3167042087646112e-05,9657.962857798924,0
118.8556036243466,0.035072881509732735,11365.59685770479,0
101.2260666093456,0.06260040422504276,9870.143616221467,0
106.31965505668552,0.049061557826960527,8805.480608270045,0
99.44619315207089,0.06127375712024094,9819.126466581112,0
111.96547533749973,0.013415334507163885,8560.74844424918,0
95.72021701923003,0.006743618237563959,10557.57978554685,0
97.19801330102354,0.0008912589541057493,10510.954966634283,0
120.99349360608583,0.031231900564826807,9995.936158648095,0
108.2944174421983,0.012400292022911825,9034.591079542917,0
104.61659435733851,0.11591939285547491,11611.673699476669,0
105.19587752019468,0.01227872223073965,10573.597156837846,0
106.89986589145745,0.003954551924834233,10915.918448795195,0
107.01420350550774,0.005179950910900903,9194.623392648373,0
90.04047793583553,0.004299442321409809,9529.640158316772,0
90.77832223586393,0.02057516805083893,11278.866638403042,0
92.32178112961857,0.027624093816720464,8832.299437576708,0
78.71059540061079,0.08721659974269387,9571.529597633646,0
109.08383903028268,0.014795354249723381,11436.832599937336,0
100.51259533912115,0.050218193960592294,11058.684017794641,0
110.78871321801617,0.0064084007428974405,10549.275442988119,0
93.51547355707426,0.0009922577966309692,10314.353243565549,0
93.08250245860009,0.006988990064838787,11347.257905430073,0
95.2021881930606,0.2089784204327982,8255.126921577,0
100.78920919481098,0.10929065518390743,10404.408168734533,0
103.86904947803566,0.027862719788885326,9006.360958998313,0
100.23146353485416,0.03413800723731063,10951.164397539811,0
100.9761018733577,0.0475940179289052,9831.67371851561,0
96.37489184388531,0.025458271253512178,10729.606486425328,0
103.40530060260028,0.02713956599845041,9515.064131583205,0
100.92590051619341,0.004496977355238042,10404.468854863295,0
90.9341324269464,0.12925419933920634,8759.023198847603,0
118.11678809256156,0.012706705057655013,10645.84811017435,0
95.8634199489321,0.008447710544577788,9461.35775883213,0
116.47264667533913,0.008869397505803255,11253.782017065627,0
105.1213748353262,0.028614213471204207,10115.322285797027,0
100.03231863113271,0.008020284136201466,10084.21151681481,0
98.93417226648927,0.004707244930670557,10927.85142790514,0
99.95517194617238,0.00407188957880684,11261.570031848076,0
93.43503608713397,0.029823120571489323,11406.129975762231,0
86.580051424744,0.009826934580052476,9629.759321267882,0
94.73826481860789,0.07979657372599042,10364.279853013777,0
87.0823234161519,0.022067144490526252,10204.201641094316,0
97.70735494991416,0.032703089206043874,10701.510245642718,0
97.19793571767818,1.8735513483531332e-05,9919.019203651778,0
114.59050189153595,0.004349110996738911,9319.193453265949,0
86.11841667220189,0.03546138267515933,9932.138378981335,0
102.6643033048355,0.02445910749720521,11354.143308717026,0
89.95387607362623,0.012159447145480038,10583.421898005548,0
105.86602230240908,0.028158896850633188,10228.389504884775,0
98.29746662510928,0.07228554297838684,10834.705563736221,0
93.36322960710604,0.043892986309779086,10983.095035010303,0
92.84524791428873,0.003492993322519637,10268.874904764582,0
102.61291748254521,0.06871957406798228,8866.235116272153,0
106.65737115239489,0.004674965430791873,10440.582278045835,0
76.3372910476925,0.09590148545951824,9531.658564354966,0
109.83013221539359,0.000123423153364858,10190.199594801275,0
101.26155424696077,0.03261712725754169,10180.403847678974,0
88.66279152896486,0.021544309546019165,10620.781447866519,0
112.9422896242473,0.1122059701029906,9830.176144876108,0
85.14267839640064,0.09230313989778362,9943.947545060699,0
102.27735650556632,0.012138040694983592,11373.472327531337,0
112.58782016138402,0.07147662659842419,10986.77759477193,0
92.34733804733114,0.07027216452895704,9731.787569802113,0
114.15587916237403,0.03268063914542337,11063.630905603426,0
84.8045076171442,0.024712774856660367,10402.09709209171,0
85.77038270003295,0.016427360977419495,11126.340402664753,0
99.76684873652924,0.015250492158650382,10307.10501019089,0
100.84949374641559,0.11862252173478784,9569.609860086272,0
108.69520019001197,0.009971821941725174,9619.619363229369,0
104.65834963838985,0.007784585375339276,9935.669786804072,0
100.30298907673908,0.07535669150515595,8881.22276916273,0
88.6311793627977,0.0038142972862480157,8358.51112281877,0
95.53491782927597,0.12889316439560103,10354.507228825252,0
93.81356275699407,0.02680002502756197,9387.3871582546,0
77.28020909550293,0.0022194678094313966,9109.268047460013,0
94.33055770541992,0.035176300771113715,9882.18018641153,0
101.8230530346681,0.015888031711369387,8863.801569021445,0
98.5778197200983,0.04213681176652455,10962.614169056358,0
100.43194167950618,0.06016069274220122,11685.548147136278,0
109.58162600387091,0.0588151723993584,8977.162034954352,0
95.29814709499024,0.0011320888485816338,9779.346668242735,0
106.54061329531305,0.09166805463241362,10429.367080414722,0
93.84158897873901,0.07047061979561611,10009.668071661808,0
99.21566064475968,0.01668717182059288,10146.219305853872,0
94.45418371519176,0.0672030800768315,8769.887935301991,0
95.27526431689078,0.015407634483071414,11430.687707786277,0
91.99668307551069,0.024144120844540633,10755.827717252832,0
108.83722809590739,0.010467990439099432,10453.240762939418,0
104.80129449826703,0.10170815769455041,8839.700139576453,0
84.36586233436336,0.007744711441014092,10406.264501959115,0
93.91045288989905,0.03509845592776575,10653.682446500028,0
111.33301535139086,0.006772972963690596,9499.626118485556,0
93.46512252064863,0.035411621661908546,11191.102755665826,0
93.23531388792054,0.02062124545972566,8713.755729850984,0
104.84240682817092,0.12219879031409382,9118.935552710753,0
104.58419315255094,0.010447043821539883,10250.894084641195,0
104.95973380257179,0.02228167317290795,9935.757333436213,0
107.19797506102788,0.022343280476130552,9795.029868069714,0
87.98371160204985,0.01603560524987573,10110.716072948402,0
106.19450866604049,0.03800220706122448,11458.630734087432,0
84.50084031777676,0.014566306247387573,9305.70964298383,0
107.38428804143874,0.015921180329468293,9494.492210932804,0
102.4637365255008,0.01724097000839388,9366.753808529891,0
111.13333364648759,0.027130853456272124,10238.126083113435,0
102.65655876675277,0.07687971363860348,9869.018133993302,0
102.65203203289381,0.01683083404353262,9930.89421097072,0
118.8585475973245,0.02958117389961434,10628.100534491225,0
84.90001527818426,0.05495338374393193,8026.820835126227,0
121.14143624657856,0.08345290020236822,9298.99654632693,0
84.13600969595755,0.04047742387216431,10951.42643497604,0
119.32662207669793,0.002142004633261408,10187.671126308476,0
107.5142848474253,0.025412967963944717,9732.972238939923,0
89.25743835201229,0.021976374608673188,9688.197992069707,0
109.99631759663919,0.016650522011168598,10647.052141909331,0
104.19459764188231,0.00761698561860379,11746.902228865742,0
88.94014880821706,0.01875808295807281,10574.759721284285,0
104.68876811063025,0.029592553755504757,10874.97393373593,0
81.25073668654436,0.05746577671896495,11552.837086560483,0
84.38503094441404,0.08742558892435391,10670.605802231677,0
101.63487778873362,0.07533143792767283,10212.814496262374,0
103.38565715168832,0.07092915273177318,10094.488998445046,0
88.53045232413366,0.07843786700133532,10328.475370063208,0
104.34866241154195,0.18498825304158742,8768.726914407102,0
92.72000195090777,0.0032497955476133073,10044.719212170883,0
104.76598752812295,0.04092915290773314,9468.457083460202,0
112.28433521145077,0.043138153470926484,9847.512371446317,0
112.33368164815991,0.03493362593392082,10065.753610842634,0
77.53257269555627,0.0022036903406904406,10279.294665946314,0
115.78943158908928,0.007116189745772982,9915.709144605898,0
95.58444575519424,0.016170351760360326,7864.363025188791,0
115.94964470785311,0.02429872783099247,10834.18960730365,0
107.29296342503487,0.035133728903667505,10209.891401944511,0
106.32381309708646,0.040850859697177375,10770.590288597654,0
86.91216569869941,0.0029855889388410435,10321.929095322968,0
115.24920887348054,0.03951356350269575,10361.566861639481,0
103.54895428013059,0.035159404033311685,10204.233598534109,0
104.55458447440796,0.06894181550611267,10901.363090023755,0
103.10620979535,0.06459099770403291,10081.096828161708,0
91.47253973267576,0.003521749969687621,8292.424793768787,0
92.36167729045437,0.00215120080925418,9592.303995722981,0
96.7905811234832,0.07995483376327889,10078.303591374586,0
104.74258659110689,0.008360174515962973,10836.024130353508,0
85.5336415095475,0.00632895021817114,11445.057359120967,0
103.53364677977036,0.010293517750480314,11181.862704079296,0
122.93962362172209,0.03389751658610728,10017.559652923155,0
99.70416096557744,0.0011072719612594116,10655.65038811276,0
97.16189065812749,0.007607851172912999,9378.05796100713,0
112.24144451063704,0.03175206875542332,9964.080058821544,0
89.17523332707638,0.06598738659236891,10153.322920177052,0
89.55059985153676,0.01972817020908326,9942.237511330895,0
101.25542845729161,0.013211539380981258,9157.938780614582,0
111.47903757224799,0.041656954015187216,9845.65445746222,0
84.49973293229684,0.010773227896736548,10606.180004304959,0
110.7073678390331,0.17305404915125108,9445.435137205166,0
89.60052886745609,0.04269460629017853,11791.726239647765,0
96.66917558200991,0.044522175768248316,10117.156964166004,0
106.76870059967297,0.029732034125688152,10344.744645970517,0
100.5054716075066,0.034817193975337515,9535.468907206652,0
99.44648614717019,0.014379369178434558,10453.150653777237,0
82.01070358453315,0.0015766646372663248,9260.110993258551,0
103.50372008720471,0.10194409788403032,9200.021116276926,0
106.29030674876547,0.00860299410450533,9310.543839418533,0
97.2841273719541,0.013866817650838902,11211.704732474505,0
91.42475589003978,0.0012582099247618575,9063.839200249262,0
95.57767784165146,0.04927351397251975,9472.678046170517,0
100.8131151210617,0.004744421640277919,10612.463814903722,0
94.15649385458623,0.007888157696940075,10877.902012560839,0
116.57805929693731,0.02892874260607063,9824.510379628797,0
120.31420981147,0.054819324506762024,10090.98678969133,0
78.04729336314828,0.052193801969780636,9939.779699359025,0
105.84463113362722,0.06005874359739148,10170.555709855826,0
87.91103702464412,0.062273948841287924,10350.371958009564,0
97.30652021933932,0.00964521391472834,11787.653600535863,0
